session_idx,session_type,condition,overflowed,overflow_turn,turns_completed,final_tokens,n_turns
0,file-heavy,A,True,12,12,1218261,80
0,file-heavy,B,True,73,73,216535,80
0,file-heavy,C,False,-1,80,167195,80
1,file-heavy,A,True,11,11,1226295,80
1,file-heavy,B,True,73,73,216503,80
1,file-heavy,C,False,-1,80,167564,80
2,file-heavy,A,True,12,12,1215004,80
2,file-heavy,B,True,73,73,216600,80
2,file-heavy,C,False,-1,80,167616,80
3,file-heavy,A,True,11,11,1221721,80
3,file-heavy,B,True,73,73,216632,80
3,file-heavy,C,False,-1,80,167258,80
4,file-heavy,A,True,11,11,1223352,80
4,file-heavy,B,True,73,73,216515,80
4,file-heavy,C,False,-1,80,167543,80
5,file-heavy,A,True,11,11,1222874,80
5,file-heavy,B,True,73,73,216284,80
5,file-heavy,C,False,-1,80,167456,80
6,file-heavy,A,True,11,11,1215520,80
6,file-heavy,B,True,73,73,216526,80
6,file-heavy,C,False,-1,80,167625,80
7,file-heavy,A,True,11,11,1227069,80
7,file-heavy,B,True,73,73,216451,80
7,file-heavy,C,False,-1,80,167520,80
8,file-heavy,A,True,11,11,1216450,80
8,file-heavy,B,True,73,73,216620,80
8,file-heavy,C,False,-1,80,167238,80
9,file-heavy,A,True,11,11,1224258,80
9,file-heavy,B,True,73,73,216634,80
9,file-heavy,C,False,-1,80,167194,80
10,file-heavy,A,True,12,12,1207693,80
10,file-heavy,B,True,73,73,216557,80
10,file-heavy,C,False,-1,80,167215,80
11,file-heavy,A,True,11,11,1235359,80
11,file-heavy,B,True,73,73,216318,80
11,file-heavy,C,False,-1,80,167396,80
12,file-heavy,A,True,11,11,1215683,80
12,file-heavy,B,True,73,73,216732,80
12,file-heavy,C,False,-1,80,167217,80
13,file-heavy,A,True,12,12,1217967,80
13,file-heavy,B,True,73,73,216676,80
13,file-heavy,C,False,-1,80,167319,80
14,file-heavy,A,True,12,12,1239849,80
14,file-heavy,B,True,73,73,216477,80
14,file-heavy,C,False,-1,80,167552,80
15,search-heavy,A,False,-1,50,141910,50
15,search-heavy,B,False,-1,50,51475,50
15,search-heavy,C,False,-1,50,51475,50
16,search-heavy,A,False,-1,50,155342,50
16,search-heavy,B,False,-1,50,51478,50
16,search-heavy,C,False,-1,50,51478,50
17,search-heavy,A,False,-1,50,137050,50
17,search-heavy,B,False,-1,50,51540,50
17,search-heavy,C,False,-1,50,51540,50
18,search-heavy,A,False,-1,50,141069,50
18,search-heavy,B,False,-1,50,51568,50
18,search-heavy,C,False,-1,50,51568,50
19,search-heavy,A,False,-1,50,140881,50
19,search-heavy,B,False,-1,50,51459,50
19,search-heavy,C,False,-1,50,51459,50
20,search-heavy,A,False,-1,50,137988,50
20,search-heavy,B,False,-1,50,51496,50
20,search-heavy,C,False,-1,50,51496,50
21,search-heavy,A,False,-1,50,139175,50
21,search-heavy,B,False,-1,50,51551,50
21,search-heavy,C,False,-1,50,51551,50
22,search-heavy,A,False,-1,50,138303,50
22,search-heavy,B,False,-1,50,51525,50
22,search-heavy,C,False,-1,50,51525,50
23,search-heavy,A,False,-1,50,144506,50
23,search-heavy,B,False,-1,50,51458,50
23,search-heavy,C,False,-1,50,51458,50
24,search-heavy,A,False,-1,50,145312,50
24,search-heavy,B,False,-1,50,51502,50
24,search-heavy,C,False,-1,50,51502,50
25,search-heavy,A,False,-1,50,139736,50
25,search-heavy,B,False,-1,50,51524,50
25,search-heavy,C,False,-1,50,51524,50
26,search-heavy,A,False,-1,50,140301,50
26,search-heavy,B,False,-1,50,51547,50
26,search-heavy,C,False,-1,50,51547,50
27,search-heavy,A,False,-1,50,142182,50
27,search-heavy,B,False,-1,50,51477,50
27,search-heavy,C,False,-1,50,51477,50
28,search-heavy,A,False,-1,50,136512,50
28,search-heavy,B,False,-1,50,51509,50
28,search-heavy,C,False,-1,50,51509,50
29,search-heavy,A,False,-1,50,141122,50
29,search-heavy,B,False,-1,50,51496,50
29,search-heavy,C,False,-1,50,51496,50
30,mixed,A,False,-1,40,63290,40
30,mixed,B,False,-1,40,35673,40
30,mixed,C,False,-1,40,35673,40
31,mixed,A,False,-1,40,61827,40
31,mixed,B,False,-1,40,35002,40
31,mixed,C,False,-1,40,35002,40
32,mixed,A,False,-1,40,64659,40
32,mixed,B,False,-1,40,34856,40
32,mixed,C,False,-1,40,34856,40
33,mixed,A,False,-1,40,66088,40
33,mixed,B,False,-1,40,35498,40
33,mixed,C,False,-1,40,35498,40
34,mixed,A,False,-1,40,59605,40
34,mixed,B,False,-1,40,34324,40
34,mixed,C,False,-1,40,34324,40
35,mixed,A,False,-1,40,65626,40
35,mixed,B,False,-1,40,36651,40
35,mixed,C,False,-1,40,36651,40
36,mixed,A,False,-1,40,65119,40
36,mixed,B,False,-1,40,34018,40
36,mixed,C,False,-1,40,34018,40
37,mixed,A,False,-1,40,64483,40
37,mixed,B,False,-1,40,35651,40
37,mixed,C,False,-1,40,35651,40
38,mixed,A,False,-1,40,60313,40
38,mixed,B,False,-1,40,35662,40
38,mixed,C,False,-1,40,35662,40
39,mixed,A,False,-1,40,64246,40
39,mixed,B,False,-1,40,35424,40
39,mixed,C,False,-1,40,35424,40
40,mixed,A,False,-1,40,67119,40
40,mixed,B,False,-1,40,34717,40
40,mixed,C,False,-1,40,34717,40
41,mixed,A,False,-1,40,63931,40
41,mixed,B,False,-1,40,35050,40
41,mixed,C,False,-1,40,35050,40
42,mixed,A,False,-1,40,64274,40
42,mixed,B,False,-1,40,35127,40
42,mixed,C,False,-1,40,35127,40
43,mixed,A,False,-1,40,63193,40
43,mixed,B,False,-1,40,34728,40
43,mixed,C,False,-1,40,34728,40
44,mixed,A,False,-1,40,67375,40
44,mixed,B,False,-1,40,34742,40
44,mixed,C,False,-1,40,34742,40
45,adversarial,A,False,-1,35,112138,35
45,adversarial,B,False,-1,35,30335,35
45,adversarial,C,False,-1,35,30335,35
46,adversarial,A,False,-1,35,106396,35
46,adversarial,B,False,-1,35,30400,35
46,adversarial,C,False,-1,35,30400,35
47,adversarial,A,False,-1,35,106492,35
47,adversarial,B,False,-1,35,30352,35
47,adversarial,C,False,-1,35,30352,35
48,adversarial,A,False,-1,35,110972,35
48,adversarial,B,False,-1,35,30476,35
48,adversarial,C,False,-1,35,30476,35
49,adversarial,A,False,-1,35,104411,35
49,adversarial,B,False,-1,35,30447,35
49,adversarial,C,False,-1,35,30447,35
50,adversarial,A,False,-1,35,111073,35
50,adversarial,B,False,-1,35,30389,35
50,adversarial,C,False,-1,35,30389,35
51,adversarial,A,False,-1,35,110247,35
51,adversarial,B,False,-1,35,30469,35
51,adversarial,C,False,-1,35,30469,35
52,adversarial,A,False,-1,35,104808,35
52,adversarial,B,False,-1,35,30448,35
52,adversarial,C,False,-1,35,30448,35
53,adversarial,A,False,-1,35,113432,35
53,adversarial,B,False,-1,35,30484,35
53,adversarial,C,False,-1,35,30484,35
54,adversarial,A,False,-1,35,109445,35
54,adversarial,B,False,-1,35,30343,35
54,adversarial,C,False,-1,35,30343,35
55,adversarial,A,False,-1,35,111946,35
55,adversarial,B,False,-1,35,30389,35
55,adversarial,C,False,-1,35,30389,35
56,adversarial,A,False,-1,35,111604,35
56,adversarial,B,False,-1,35,30327,35
56,adversarial,C,False,-1,35,30327,35
57,adversarial,A,False,-1,35,105320,35
57,adversarial,B,False,-1,35,30457,35
57,adversarial,C,False,-1,35,30457,35
58,adversarial,A,False,-1,35,101687,35
58,adversarial,B,False,-1,35,30426,35
58,adversarial,C,False,-1,35,30426,35
59,adversarial,A,False,-1,35,103949,35
59,adversarial,B,False,-1,35,30454,35
59,adversarial,C,False,-1,35,30454,35
